Year,Month,Region,Average Temperature
2000,01,Northeast Climate Region,21.4
2000,02,Northeast Climate Region,27.2
2000,03,Northeast Climate Region,39.1
2000,04,Northeast Climate Region,44.2
2000,05,Northeast Climate Region,56.6
2000,06,Northeast Climate Region,64.5
2000,07,Northeast Climate Region,65.8
2000,08,Northeast Climate Region,66.2
2000,09,Northeast Climate Region,58.9
2000,10,Northeast Climate Region,49.5
2000,11,Northeast Climate Region,37.7
2000,12,Northeast Climate Region,21.3
2001,01,Northeast Climate Region,22.6
2001,02,Northeast Climate Region,26.0
2001,03,Northeast Climate Region,30.2
2001,04,Northeast Climate Region,45.2
2001,05,Northeast Climate Region,57.4
2001,06,Northeast Climate Region,65.9
2001,07,Northeast Climate Region,66.7
2001,08,Northeast Climate Region,70.5
2001,09,Northeast Climate Region,60.1
2001,10,Northeast Climate Region,50.6
2001,11,Northeast Climate Region,43.2
2001,12,Northeast Climate Region,34.2
2002,01,Northeast Climate Region,29.6
2002,02,Northeast Climate Region,29.7
2002,03,Northeast Climate Region,34.6
2002,04,Northeast Climate Region,47.0
2002,05,Northeast Climate Region,53.0
2002,06,Northeast Climate Region,64.6
2002,07,Northeast Climate Region,70.5
2002,08,Northeast Climate Region,70.2
2002,09,Northeast Climate Region,63.4
2002,10,Northeast Climate Region,47.2
2002,11,Northeast Climate Region,36.7
2002,12,Northeast Climate Region,26.0
2003,01,Northeast Climate Region,16.6
2003,02,Northeast Climate Region,20.0
2003,03,Northeast Climate Region,32.9
2003,04,Northeast Climate Region,42.9
2003,05,Northeast Climate Region,54.0
2003,06,Northeast Climate Region,63.5
2003,07,Northeast Climate Region,69.0
2003,08,Northeast Climate Region,69.8
2003,09,Northeast Climate Region,61.2
2003,10,Northeast Climate Region,47.4
2003,11,Northeast Climate Region,41.6
2003,12,Northeast Climate Region,28.4
2004,01,Northeast Climate Region,15.0
2004,02,Northeast Climate Region,24.0
2004,03,Northeast Climate Region,35.9
2004,04,Northeast Climate Region,45.4
2004,05,Northeast Climate Region,59.3
2004,06,Northeast Climate Region,62.7
2004,07,Northeast Climate Region,68.1
2004,08,Northeast Climate Region,67.1
2004,09,Northeast Climate Region,61.9
2004,10,Northeast Climate Region,49.0
2004,11,Northeast Climate Region,39.7
2004,12,Northeast Climate Region,27.2
2005,01,Northeast Climate Region,20.9
2005,02,Northeast Climate Region,26.2
2005,03,Northeast Climate Region,29.7
2005,04,Northeast Climate Region,46.8
2005,05,Northeast Climate Region,51.6
2005,06,Northeast Climate Region,68.2
2005,07,Northeast Climate Region,71.2
2005,08,Northeast Climate Region,70.4
2005,09,Northeast Climate Region,63.7
2005,10,Northeast Climate Region,50.8
2005,11,Northeast Climate Region,40.8
2005,12,Northeast Climate Region,25.3
2006,01,Northeast Climate Region,31.0
2006,02,Northeast Climate Region,26.2
2006,03,Northeast Climate Region,34.0
2006,04,Northeast Climate Region,47.3
2006,05,Northeast Climate Region,56.2
2006,06,Northeast Climate Region,65.4
2006,07,Northeast Climate Region,71.7
2006,08,Northeast Climate Region,67.6
2006,09,Northeast Climate Region,59.0
2006,10,Northeast Climate Region,48.0
2006,11,Northeast Climate Region,43.1
2006,12,Northeast Climate Region,34.7
2007,01,Northeast Climate Region,26.7
2007,02,Northeast Climate Region,18.0
2007,03,Northeast Climate Region,32.7
2007,04,Northeast Climate Region,42.3
2007,05,Northeast Climate Region,57.1
2007,06,Northeast Climate Region,65.8
2007,07,Northeast Climate Region,67.9
2007,08,Northeast Climate Region,68.4
2007,09,Northeast Climate Region,62.4
2007,10,Northeast Climate Region,55.4
2007,11,Northeast Climate Region,37.0
2007,12,Northeast Climate Region,26.9
2008,01,Northeast Climate Region,26.3
2008,02,Northeast Climate Region,25.4
2008,03,Northeast Climate Region,31.6
2008,04,Northeast Climate Region,48.2
2008,05,Northeast Climate Region,53.0
2008,06,Northeast Climate Region,66.8
2008,07,Northeast Climate Region,70.3
2008,08,Northeast Climate Region,65.9
2008,09,Northeast Climate Region,61.4
2008,10,Northeast Climate Region,47.6
2008,11,Northeast Climate Region,37.8
2008,12,Northeast Climate Region,27.9
2009,01,Northeast Climate Region,16.7
2009,02,Northeast Climate Region,26.2
2009,03,Northeast Climate Region,34.0
2009,04,Northeast Climate Region,46.8
2009,05,Northeast Climate Region,56.0
2009,06,Northeast Climate Region,63.0
2009,07,Northeast Climate Region,66.2
2009,08,Northeast Climate Region,69.1
2009,09,Northeast Climate Region,59.2
2009,10,Northeast Climate Region,46.7
2009,11,Northeast Climate Region,42.9
2009,12,Northeast Climate Region,26.7
2010,01,Northeast Climate Region,23.9
2010,02,Northeast Climate Region,25.9
2010,03,Northeast Climate Region,39.6
2010,04,Northeast Climate Region,50.0
2010,05,Northeast Climate Region,59.0
2010,06,Northeast Climate Region,66.5
2010,07,Northeast Climate Region,72.4
2010,08,Northeast Climate Region,69.1
2010,09,Northeast Climate Region,62.3
2010,10,Northeast Climate Region,49.6
2010,11,Northeast Climate Region,39.0
2010,12,Northeast Climate Region,24.9
2011,01,Northeast Climate Region,20.3
2011,02,Northeast Climate Region,24.1
2011,03,Northeast Climate Region,33.0
2011,04,Northeast Climate Region,46.2
2011,05,Northeast Climate Region,58.3
2011,06,Northeast Climate Region,65.6
2011,07,Northeast Climate Region,72.2
2011,08,Northeast Climate Region,68.4
2011,09,Northeast Climate Region,63.2
2011,10,Northeast Climate Region,50.4
2011,11,Northeast Climate Region,43.4
2011,12,Northeast Climate Region,32.7
2012,01,Northeast Climate Region,26.8
2012,02,Northeast Climate Region,30.6
2012,03,Northeast Climate Region,43.4
2012,04,Northeast Climate Region,46.0
2012,05,Northeast Climate Region,60.5
2012,06,Northeast Climate Region,64.8
2012,07,Northeast Climate Region,72.1
2012,08,Northeast Climate Region,69.6
2012,09,Northeast Climate Region,60.5
2012,10,Northeast Climate Region,51.6
2012,11,Northeast Climate Region,36.5
2012,12,Northeast Climate Region,32.4
2013,01,Northeast Climate Region,25.0
2013,02,Northeast Climate Region,25.3
2013,03,Northeast Climate Region,32.7
2013,04,Northeast Climate Region,45.1
2013,05,Northeast Climate Region,57.2
2013,06,Northeast Climate Region,65.3
2013,07,Northeast Climate Region,72.0
2013,08,Northeast Climate Region,66.6
2013,09,Northeast Climate Region,59.6
2013,10,Northeast Climate Region,51.5
2013,11,Northeast Climate Region,36.0
2013,12,Northeast Climate Region,26.6
2014,01,Northeast Climate Region,18.6
2014,02,Northeast Climate Region,21.0
2014,03,Northeast Climate Region,26.0
2014,04,Northeast Climate Region,44.6
2014,05,Northeast Climate Region,56.9
2014,06,Northeast Climate Region,65.7
2014,07,Northeast Climate Region,68.9
2014,08,Northeast Climate Region,66.2
2014,09,Northeast Climate Region,60.9
2014,10,Northeast Climate Region,51.9
2014,11,Northeast Climate Region,36.0
2014,12,Northeast Climate Region,31.6
2015,01,Northeast Climate Region,18.7
2015,02,Northeast Climate Region,12.1
2015,03,Northeast Climate Region,27.8
2015,04,Northeast Climate Region,44.6
2015,05,Northeast Climate Region,61.2
2015,06,Northeast Climate Region,63.8
2015,07,Northeast Climate Region,69.0
2015,08,Northeast Climate Region,68.8
2015,09,Northeast Climate Region,65.4
2015,10,Northeast Climate Region,48.4
2015,11,Northeast Climate Region,43.1
2015,12,Northeast Climate Region,39.4
2016,01,Northeast Climate Region,24.7
2016,02,Northeast Climate Region,28.1
2016,03,Northeast Climate Region,38.8
2016,04,Northeast Climate Region,43.4
2016,05,Northeast Climate Region,56.2
2016,06,Northeast Climate Region,65.1
2016,07,Northeast Climate Region,71.2
2016,08,Northeast Climate Region,71.4
2016,09,Northeast Climate Region,63.8
2016,10,Northeast Climate Region,51.4
2016,11,Northeast Climate Region,41.0
2016,12,Northeast Climate Region,28.3
2017,01,Northeast Climate Region,28.9
2017,02,Northeast Climate Region,31.4
2017,03,Northeast Climate Region,30.3
2017,04,Northeast Climate Region,49.7
2017,05,Northeast Climate Region,54.9
2017,06,Northeast Climate Region,65.0
2017,07,Northeast Climate Region,69.3
2017,08,Northeast Climate Region,66.4
2017,09,Northeast Climate Region,63.3
2017,10,Northeast Climate Region,55.4
2017,11,Northeast Climate Region,37.4
2017,12,Northeast Climate Region,24.2
2018,01,Northeast Climate Region,21.0
2018,02,Northeast Climate Region,30.8
2018,03,Northeast Climate Region,31.9
2018,04,Northeast Climate Region,40.6
2018,05,Northeast Climate Region,60.4
2018,06,Northeast Climate Region,64.2
2018,07,Northeast Climate Region,71.5
2018,08,Northeast Climate Region,71.3
2018,09,Northeast Climate Region,64.5
2000,01,Upper Midwest Climate Region,15.9
2000,02,Upper Midwest Climate Region,26.4
2000,03,Upper Midwest Climate Region,38.9
2000,04,Upper Midwest Climate Region,44.0
2000,05,Upper Midwest Climate Region,58.1
2000,06,Upper Midwest Climate Region,63.6
2000,07,Upper Midwest Climate Region,68.6
2000,08,Upper Midwest Climate Region,68.4
2000,09,Upper Midwest Climate Region,59.0
2000,10,Upper Midwest Climate Region,50.8
2000,11,Upper Midwest Climate Region,31.9
2000,12,Upper Midwest Climate Region,8.6
2001,01,Upper Midwest Climate Region,19.4
2001,02,Upper Midwest Climate Region,14.5
2001,03,Upper Midwest Climate Region,27.6
2001,04,Upper Midwest Climate Region,46.8
2001,05,Upper Midwest Climate Region,57.8
2001,06,Upper Midwest Climate Region,65.5
2001,07,Upper Midwest Climate Region,70.9
2001,08,Upper Midwest Climate Region,70.2
2001,09,Upper Midwest Climate Region,58.3
2001,10,Upper Midwest Climate Region,46.9
2001,11,Upper Midwest Climate Region,43.5
2001,12,Upper Midwest Climate Region,27.5
2002,01,Upper Midwest Climate Region,23.9
2002,02,Upper Midwest Climate Region,26.6
2002,03,Upper Midwest Climate Region,25.0
2002,04,Upper Midwest Climate Region,43.5
2002,05,Upper Midwest Climate Region,51.6
2002,06,Upper Midwest Climate Region,67.7
2002,07,Upper Midwest Climate Region,73.3
2002,08,Upper Midwest Climate Region,68.0
2002,09,Upper Midwest Climate Region,62.5
2002,10,Upper Midwest Climate Region,42.1
2002,11,Upper Midwest Climate Region,31.5
2002,12,Upper Midwest Climate Region,24.7
2003,01,Upper Midwest Climate Region,14.4
2003,02,Upper Midwest Climate Region,14.5
2003,03,Upper Midwest Climate Region,29.4
2003,04,Upper Midwest Climate Region,44.3
2003,05,Upper Midwest Climate Region,54.7
2003,06,Upper Midwest Climate Region,64.0
2003,07,Upper Midwest Climate Region,69.4
2003,08,Upper Midwest Climate Region,70.7
2003,09,Upper Midwest Climate Region,59.3
2003,10,Upper Midwest Climate Region,48.1
2003,11,Upper Midwest Climate Region,32.6
2003,12,Upper Midwest Climate Region,25.0
2004,01,Upper Midwest Climate Region,11.2
2004,02,Upper Midwest Climate Region,20.3
2004,03,Upper Midwest Climate Region,34.5
2004,04,Upper Midwest Climate Region,45.6
2004,05,Upper Midwest Climate Region,54.3
2004,06,Upper Midwest Climate Region,62.6
2004,07,Upper Midwest Climate Region,67.5
2004,08,Upper Midwest Climate Region,62.9
2004,09,Upper Midwest Climate Region,63.5
2004,10,Upper Midwest Climate Region,48.7
2004,11,Upper Midwest Climate Region,37.0
2004,12,Upper Midwest Climate Region,21.3
2005,01,Upper Midwest Climate Region,13.9
2005,02,Upper Midwest Climate Region,24.8
2005,03,Upper Midwest Climate Region,28.9
2005,04,Upper Midwest Climate Region,48.7
2005,05,Upper Midwest Climate Region,53.6
2005,06,Upper Midwest Climate Region,69.5
2005,07,Upper Midwest Climate Region,71.5
2005,08,Upper Midwest Climate Region,68.5
2005,09,Upper Midwest Climate Region,63.8
2005,10,Upper Midwest Climate Region,49.9
2005,11,Upper Midwest Climate Region,35.6
2005,12,Upper Midwest Climate Region,19.1
2006,01,Upper Midwest Climate Region,28.1
2006,02,Upper Midwest Climate Region,19.0
2006,03,Upper Midwest Climate Region,32.2
2006,04,Upper Midwest Climate Region,49.7
2006,05,Upper Midwest Climate Region,57.4
2006,06,Upper Midwest Climate Region,66.2
2006,07,Upper Midwest Climate Region,73.3
2006,08,Upper Midwest Climate Region,68.8
2006,09,Upper Midwest Climate Region,57.4
2006,10,Upper Midwest Climate Region,44.2
2006,11,Upper Midwest Climate Region,36.2
2006,12,Upper Midwest Climate Region,27.9
2007,01,Upper Midwest Climate Region,19.5
2007,02,Upper Midwest Climate Region,12.0
2007,03,Upper Midwest Climate Region,35.3
2007,04,Upper Midwest Climate Region,42.9
2007,05,Upper Midwest Climate Region,59.9
2007,06,Upper Midwest Climate Region,67.8
2007,07,Upper Midwest Climate Region,70.4
2007,08,Upper Midwest Climate Region,69.2
2007,09,Upper Midwest Climate Region,61.4
2007,10,Upper Midwest Climate Region,52.7
2007,11,Upper Midwest Climate Region,33.5
2007,12,Upper Midwest Climate Region,17.6
2008,01,Upper Midwest Climate Region,14.9
2008,02,Upper Midwest Climate Region,14.0
2008,03,Upper Midwest Climate Region,26.7
2008,04,Upper Midwest Climate Region,43.1
2008,05,Upper Midwest Climate Region,52.8
2008,06,Upper Midwest Climate Region,65.1
2008,07,Upper Midwest Climate Region,69.6
2008,08,Upper Midwest Climate Region,67.4
2008,09,Upper Midwest Climate Region,60.6
2008,10,Upper Midwest Climate Region,47.4
2008,11,Upper Midwest Climate Region,33.9
2008,12,Upper Midwest Climate Region,13.7
2009,01,Upper Midwest Climate Region,7.9
2009,02,Upper Midwest Climate Region,20.6
2009,03,Upper Midwest Climate Region,30.6
2009,04,Upper Midwest Climate Region,43.5
2009,05,Upper Midwest Climate Region,55.3
2009,06,Upper Midwest Climate Region,64.1
2009,07,Upper Midwest Climate Region,64.7
2009,08,Upper Midwest Climate Region,65.5
2009,09,Upper Midwest Climate Region,62.1
2009,10,Upper Midwest Climate Region,42.6
2009,11,Upper Midwest Climate Region,40.3
2009,12,Upper Midwest Climate Region,17.7
2010,01,Upper Midwest Climate Region,14.1
2010,02,Upper Midwest Climate Region,17.7
2010,03,Upper Midwest Climate Region,37.2
2010,04,Upper Midwest Climate Region,50.9
2010,05,Upper Midwest Climate Region,57.8
2010,06,Upper Midwest Climate Region,65.9
2010,07,Upper Midwest Climate Region,71.8
2010,08,Upper Midwest Climate Region,71.4
2010,09,Upper Midwest Climate Region,57.9
2010,10,Upper Midwest Climate Region,50.4
2010,11,Upper Midwest Climate Region,34.8
2010,12,Upper Midwest Climate Region,17.0
2011,01,Upper Midwest Climate Region,11.5
2011,02,Upper Midwest Climate Region,18.3
2011,03,Upper Midwest Climate Region,28.3
2011,04,Upper Midwest Climate Region,43.0
2011,05,Upper Midwest Climate Region,55.2
2011,06,Upper Midwest Climate Region,65.2
2011,07,Upper Midwest Climate Region,74.0
2011,08,Upper Midwest Climate Region,69.1
2011,09,Upper Midwest Climate Region,58.3
2011,10,Upper Midwest Climate Region,50.6
2011,11,Upper Midwest Climate Region,36.8
2011,12,Upper Midwest Climate Region,26.4
2012,01,Upper Midwest Climate Region,22.2
2012,02,Upper Midwest Climate Region,26.3
2012,03,Upper Midwest Climate Region,45.5
2012,04,Upper Midwest Climate Region,46.6
2012,05,Upper Midwest Climate Region,60.2
2012,06,Upper Midwest Climate Region,67.8
2012,07,Upper Midwest Climate Region,75.4
2012,08,Upper Midwest Climate Region,67.9
2012,09,Upper Midwest Climate Region,58.7
2012,10,Upper Midwest Climate Region,45.8
2012,11,Upper Midwest Climate Region,34.7
2012,12,Upper Midwest Climate Region,24.2
2013,01,Upper Midwest Climate Region,17.6
2013,02,Upper Midwest Climate Region,18.2
2013,03,Upper Midwest Climate Region,24.8
2013,04,Upper Midwest Climate Region,38.3
2013,05,Upper Midwest Climate Region,55.6
2013,06,Upper Midwest Climate Region,65.0
2013,07,Upper Midwest Climate Region,69.7
2013,08,Upper Midwest Climate Region,68.4
2013,09,Upper Midwest Climate Region,62.1
2013,10,Upper Midwest Climate Region,47.4
2013,11,Upper Midwest Climate Region,31.2
2013,12,Upper Midwest Climate Region,12.5
2014,01,Upper Midwest Climate Region,8.0
2014,02,Upper Midwest Climate Region,8.7
2014,03,Upper Midwest Climate Region,22.6
2014,04,Upper Midwest Climate Region,41.3
2014,05,Upper Midwest Climate Region,55.8
2014,06,Upper Midwest Climate Region,66.5
2014,07,Upper Midwest Climate Region,66.5
2014,08,Upper Midwest Climate Region,67.8
2014,09,Upper Midwest Climate Region,59.3
2014,10,Upper Midwest Climate Region,47.6
2014,11,Upper Midwest Climate Region,26.0
2014,12,Upper Midwest Climate Region,24.7
2015,01,Upper Midwest Climate Region,16.4
2015,02,Upper Midwest Climate Region,8.6
2015,03,Upper Midwest Climate Region,31.7
2015,04,Upper Midwest Climate Region,45.8
2015,05,Upper Midwest Climate Region,56.7
2015,06,Upper Midwest Climate Region,65.0
2015,07,Upper Midwest Climate Region,69.4
2015,08,Upper Midwest Climate Region,66.8
2015,09,Upper Midwest Climate Region,65.2
2015,10,Upper Midwest Climate Region,49.4
2015,11,Upper Midwest Climate Region,39.4
2015,12,Upper Midwest Climate Region,30.6
2016,01,Upper Midwest Climate Region,17.2
2016,02,Upper Midwest Climate Region,23.7
2016,03,Upper Midwest Climate Region,37.5
2016,04,Upper Midwest Climate Region,43.9
2016,05,Upper Midwest Climate Region,56.9
2016,06,Upper Midwest Climate Region,67.1
2016,07,Upper Midwest Climate Region,70.5
2016,08,Upper Midwest Climate Region,69.9
2016,09,Upper Midwest Climate Region,63.2
2016,10,Upper Midwest Climate Region,51.0
2016,11,Upper Midwest Climate Region,42.2
2016,12,Upper Midwest Climate Region,20.2
2017,01,Upper Midwest Climate Region,20.3
2017,02,Upper Midwest Climate Region,28.5
2017,03,Upper Midwest Climate Region,31.3
2017,04,Upper Midwest Climate Region,47.0
2017,05,Upper Midwest Climate Region,54.5
2017,06,Upper Midwest Climate Region,66.5
2017,07,Upper Midwest Climate Region,70.2
2017,08,Upper Midwest Climate Region,65.2
2017,09,Upper Midwest Climate Region,62.8
2017,10,Upper Midwest Climate Region,50.4
2017,11,Upper Midwest Climate Region,31.9
2017,12,Upper Midwest Climate Region,18.4
2018,01,Upper Midwest Climate Region,15.3
2018,02,Upper Midwest Climate Region,16.2
2018,03,Upper Midwest Climate Region,30.2
2018,04,Upper Midwest Climate Region,35.0
2018,05,Upper Midwest Climate Region,62.4
2018,06,Upper Midwest Climate Region,67.9
2018,07,Upper Midwest Climate Region,70.7
2018,08,Upper Midwest Climate Region,69.2
2018,09,Upper Midwest Climate Region,62.4
2000,01,Ohio Valley Climate Region,30.8
2000,02,Ohio Valley Climate Region,40.1
2000,03,Ohio Valley Climate Region,47.7
2000,04,Ohio Valley Climate Region,52.6
2000,05,Ohio Valley Climate Region,65.8
2000,06,Ohio Valley Climate Region,71.3
2000,07,Ohio Valley Climate Region,73.6
2000,08,Ohio Valley Climate Region,74.7
2000,09,Ohio Valley Climate Region,66.6
2000,10,Ohio Valley Climate Region,58.5
2000,11,Ohio Valley Climate Region,41.3
2000,12,Ohio Valley Climate Region,22.7
2001,01,Ohio Valley Climate Region,29.1
2001,02,Ohio Valley Climate Region,36.1
2001,03,Ohio Valley Climate Region,39.2
2001,04,Ohio Valley Climate Region,58.2
2001,05,Ohio Valley Climate Region,64.7
2001,06,Ohio Valley Climate Region,70.3
2001,07,Ohio Valley Climate Region,75.4
2001,08,Ohio Valley Climate Region,75.2
2001,09,Ohio Valley Climate Region,65.0
2001,10,Ohio Valley Climate Region,54.8
2001,11,Ohio Valley Climate Region,50.2
2001,12,Ohio Valley Climate Region,39.1
2002,01,Ohio Valley Climate Region,35.6
2002,02,Ohio Valley Climate Region,36.8
2002,03,Ohio Valley Climate Region,41.5
2002,04,Ohio Valley Climate Region,55.9
2002,05,Ohio Valley Climate Region,60.2
2002,06,Ohio Valley Climate Region,73.5
2002,07,Ohio Valley Climate Region,77.6
2002,08,Ohio Valley Climate Region,75.8
2002,09,Ohio Valley Climate Region,70.2
2002,10,Ohio Valley Climate Region,54.4
2002,11,Ohio Valley Climate Region,41.7
2002,12,Ohio Valley Climate Region,34.3
2003,01,Ohio Valley Climate Region,25.7
2003,02,Ohio Valley Climate Region,30.2
2003,03,Ohio Valley Climate Region,44.8
2003,04,Ohio Valley Climate Region,55.3
2003,05,Ohio Valley Climate Region,62.4
2003,06,Ohio Valley Climate Region,68.1
2003,07,Ohio Valley Climate Region,74.9
2003,08,Ohio Valley Climate Region,75.6
2003,09,Ohio Valley Climate Region,64.8
2003,10,Ohio Valley Climate Region,55.1
2003,11,Ohio Valley Climate Region,47.6
2003,12,Ohio Valley Climate Region,35.2
2004,01,Ohio Valley Climate Region,28.5
2004,02,Ohio Valley Climate Region,33.1
2004,03,Ohio Valley Climate Region,47.0
2004,04,Ohio Valley Climate Region,54.5
2004,05,Ohio Valley Climate Region,66.9
2004,06,Ohio Valley Climate Region,70.4
2004,07,Ohio Valley Climate Region,73.3
2004,08,Ohio Valley Climate Region,69.9
2004,09,Ohio Valley Climate Region,67.8
2004,10,Ohio Valley Climate Region,57.3
2004,11,Ohio Valley Climate Region,47.8
2004,12,Ohio Valley Climate Region,33.9
2005,01,Ohio Valley Climate Region,33.8
2005,02,Ohio Valley Climate Region,38.1
2005,03,Ohio Valley Climate Region,40.8
2005,04,Ohio Valley Climate Region,55.5
2005,05,Ohio Valley Climate Region,60.7
2005,06,Ohio Valley Climate Region,73.9
2005,07,Ohio Valley Climate Region,76.6
2005,08,Ohio Valley Climate Region,76.4
2005,09,Ohio Valley Climate Region,70.5
2005,10,Ohio Valley Climate Region,56.4
2005,11,Ohio Valley Climate Region,46.4
2005,12,Ohio Valley Climate Region,30.0
2006,01,Ohio Valley Climate Region,40.7
2006,02,Ohio Valley Climate Region,33.7
2006,03,Ohio Valley Climate Region,43.8
2006,04,Ohio Valley Climate Region,58.5
2006,05,Ohio Valley Climate Region,62.2
2006,06,Ohio Valley Climate Region,71.0
2006,07,Ohio Valley Climate Region,76.6
2006,08,Ohio Valley Climate Region,76.1
2006,09,Ohio Valley Climate Region,64.1
2006,10,Ohio Valley Climate Region,52.8
2006,11,Ohio Valley Climate Region,45.8
2006,12,Ohio Valley Climate Region,38.8
2007,01,Ohio Valley Climate Region,33.9
2007,02,Ohio Valley Climate Region,26.1
2007,03,Ohio Valley Climate Region,50.1
2007,04,Ohio Valley Climate Region,51.4
2007,05,Ohio Valley Climate Region,66.9
2007,06,Ohio Valley Climate Region,72.7
2007,07,Ohio Valley Climate Region,73.6
2007,08,Ohio Valley Climate Region,79.0
2007,09,Ohio Valley Climate Region,70.1
2007,10,Ohio Valley Climate Region,60.7
2007,11,Ohio Valley Climate Region,44.2
2007,12,Ohio Valley Climate Region,35.4
2008,01,Ohio Valley Climate Region,30.6
2008,02,Ohio Valley Climate Region,32.1
2008,03,Ohio Valley Climate Region,42.0
2008,04,Ohio Valley Climate Region,53.5
2008,05,Ohio Valley Climate Region,60.4
2008,06,Ohio Valley Climate Region,73.0
2008,07,Ohio Valley Climate Region,74.6
2008,08,Ohio Valley Climate Region,72.5
2008,09,Ohio Valley Climate Region,68.2
2008,10,Ohio Valley Climate Region,54.8
2008,11,Ohio Valley Climate Region,42.2
2008,12,Ohio Valley Climate Region,32.4
2009,01,Ohio Valley Climate Region,26.1
2009,02,Ohio Valley Climate Region,35.9
2009,03,Ohio Valley Climate Region,45.7
2009,04,Ohio Valley Climate Region,53.2
2009,05,Ohio Valley Climate Region,63.3
2009,06,Ohio Valley Climate Region,72.7
2009,07,Ohio Valley Climate Region,71.0
2009,08,Ohio Valley Climate Region,72.2
2009,09,Ohio Valley Climate Region,66.8
2009,10,Ohio Valley Climate Region,51.7
2009,11,Ohio Valley Climate Region,48.2
2009,12,Ohio Valley Climate Region,32.1
2010,01,Ohio Valley Climate Region,26.2
2010,02,Ohio Valley Climate Region,28.2
2010,03,Ohio Valley Climate Region,44.6
2010,04,Ohio Valley Climate Region,58.7
2010,05,Ohio Valley Climate Region,65.2
2010,06,Ohio Valley Climate Region,75.5
2010,07,Ohio Valley Climate Region,77.6
2010,08,Ohio Valley Climate Region,77.1
2010,09,Ohio Valley Climate Region,68.2
2010,10,Ohio Valley Climate Region,57.0
2010,11,Ohio Valley Climate Region,45.2
2010,12,Ohio Valley Climate Region,27.3
2011,01,Ohio Valley Climate Region,26.6
2011,02,Ohio Valley Climate Region,34.4
2011,03,Ohio Valley Climate Region,44.2
2011,04,Ohio Valley Climate Region,55.7
2011,05,Ohio Valley Climate Region,63.0
2011,06,Ohio Valley Climate Region,73.5
2011,07,Ohio Valley Climate Region,79.6
2011,08,Ohio Valley Climate Region,75.2
2011,09,Ohio Valley Climate Region,65.1
2011,10,Ohio Valley Climate Region,55.2
2011,11,Ohio Valley Climate Region,47.8
2011,12,Ohio Valley Climate Region,38.2
2012,01,Ohio Valley Climate Region,35.5
2012,02,Ohio Valley Climate Region,38.6
2012,03,Ohio Valley Climate Region,56.3
2012,04,Ohio Valley Climate Region,55.6
2012,05,Ohio Valley Climate Region,68.4
2012,06,Ohio Valley Climate Region,72.4
2012,07,Ohio Valley Climate Region,80.6
2012,08,Ohio Valley Climate Region,73.9
2012,09,Ohio Valley Climate Region,65.9
2012,10,Ohio Valley Climate Region,53.8
2012,11,Ohio Valley Climate Region,42.5
2012,12,Ohio Valley Climate Region,39.7
2013,01,Ohio Valley Climate Region,33.4
2013,02,Ohio Valley Climate Region,33.4
2013,03,Ohio Valley Climate Region,37.3
2013,04,Ohio Valley Climate Region,52.5
2013,05,Ohio Valley Climate Region,63.8
2013,06,Ohio Valley Climate Region,71.8
2013,07,Ohio Valley Climate Region,73.6
2013,08,Ohio Valley Climate Region,72.8
2013,09,Ohio Valley Climate Region,68.3
2013,10,Ohio Valley Climate Region,55.9
2013,11,Ohio Valley Climate Region,41.0
2013,12,Ohio Valley Climate Region,32.4
2014,01,Ohio Valley Climate Region,23.6
2014,02,Ohio Valley Climate Region,27.1
2014,03,Ohio Valley Climate Region,38.0
2014,04,Ohio Valley Climate Region,54.4
2014,05,Ohio Valley Climate Region,64.3
2014,06,Ohio Valley Climate Region,72.9
2014,07,Ohio Valley Climate Region,71.2
2014,08,Ohio Valley Climate Region,73.9
2014,09,Ohio Valley Climate Region,66.3
2014,10,Ohio Valley Climate Region,56.1
2014,11,Ohio Valley Climate Region,37.7
2014,12,Ohio Valley Climate Region,37.1
2015,01,Ohio Valley Climate Region,29.2
2015,02,Ohio Valley Climate Region,23.4
2015,03,Ohio Valley Climate Region,41.6
2015,04,Ohio Valley Climate Region,55.6
2015,05,Ohio Valley Climate Region,65.6
2015,06,Ohio Valley Climate Region,72.8
2015,07,Ohio Valley Climate Region,75.1
2015,08,Ohio Valley Climate Region,72.1
2015,09,Ohio Valley Climate Region,70.0
2015,10,Ohio Valley Climate Region,56.7
2015,11,Ohio Valley Climate Region,48.8
2015,12,Ohio Valley Climate Region,44.7
2016,01,Ohio Valley Climate Region,29.6
2016,02,Ohio Valley Climate Region,36.9
2016,03,Ohio Valley Climate Region,49.5
2016,04,Ohio Valley Climate Region,54.9
2016,05,Ohio Valley Climate Region,62.1
2016,06,Ohio Valley Climate Region,74.4
2016,07,Ohio Valley Climate Region,76.7
2016,08,Ohio Valley Climate Region,76.6
2016,09,Ohio Valley Climate Region,71.2
2016,10,Ohio Valley Climate Region,60.8
2016,11,Ohio Valley Climate Region,49.0
2016,12,Ohio Valley Climate Region,33.3
2017,01,Ohio Valley Climate Region,36.7
2017,02,Ohio Valley Climate Region,43.8
2017,03,Ohio Valley Climate Region,45.5
2017,04,Ohio Valley Climate Region,58.6
2017,05,Ohio Valley Climate Region,63.0
2017,06,Ohio Valley Climate Region,71.8
2017,07,Ohio Valley Climate Region,76.1
2017,08,Ohio Valley Climate Region,71.5
2017,09,Ohio Valley Climate Region,68.2
2017,10,Ohio Valley Climate Region,58.6
2017,11,Ohio Valley Climate Region,44.8
2017,12,Ohio Valley Climate Region,33.1
2018,01,Ohio Valley Climate Region,27.3
2018,02,Ohio Valley Climate Region,38.4
2018,03,Ohio Valley Climate Region,41.6
2018,04,Ohio Valley Climate Region,47.7
2018,05,Ohio Valley Climate Region,70.8
2018,06,Ohio Valley Climate Region,74.7
2018,07,Ohio Valley Climate Region,75.9
2018,08,Ohio Valley Climate Region,75.1
2018,09,Ohio Valley Climate Region,71.6
2000,01,Southeast Climate Region,45.4
2000,02,Southeast Climate Region,50.8
2000,03,Southeast Climate Region,58.3
2000,04,Southeast Climate Region,60.4
2000,05,Southeast Climate Region,72.6
2000,06,Southeast Climate Region,77.2
2000,07,Southeast Climate Region,79.1
2000,08,Southeast Climate Region,78.4
2000,09,Southeast Climate Region,72.6
2000,10,Southeast Climate Region,63.6
2000,11,Southeast Climate Region,52.7
2000,12,Southeast Climate Region,40.9
2001,01,Southeast Climate Region,42.9
2001,02,Southeast Climate Region,52.4
2001,03,Southeast Climate Region,52.4
2001,04,Southeast Climate Region,63.5
2001,05,Southeast Climate Region,69.7
2001,06,Southeast Climate Region,76.0
2001,07,Southeast Climate Region,77.8
2001,08,Southeast Climate Region,78.6
2001,09,Southeast Climate Region,71.3
2001,10,Southeast Climate Region,61.8
2001,11,Southeast Climate Region,59.0
2001,12,Southeast Climate Region,52.4
2002,01,Southeast Climate Region,47.8
2002,02,Southeast Climate Region,48.3
2002,03,Southeast Climate Region,55.9
2002,04,Southeast Climate Region,66.3
2002,05,Southeast Climate Region,69.3
2002,06,Southeast Climate Region,76.8
2002,07,Southeast Climate Region,80.0
2002,08,Southeast Climate Region,78.9
2002,09,Southeast Climate Region,75.8
2002,10,Southeast Climate Region,66.9
2002,11,Southeast Climate Region,52.4
2002,12,Southeast Climate Region,45.4
2003,01,Southeast Climate Region,41.1
2003,02,Southeast Climate Region,47.6
2003,03,Southeast Climate Region,58.0
2003,04,Southeast Climate Region,62.0
2003,05,Southeast Climate Region,70.3
2003,06,Southeast Climate Region,75.2
2003,07,Southeast Climate Region,78.3
2003,08,Southeast Climate Region,78.8
2003,09,Southeast Climate Region,72.6
2003,10,Southeast Climate Region,63.6
2003,11,Southeast Climate Region,59.2
2003,12,Southeast Climate Region,44.7
2004,01,Southeast Climate Region,43.9
2004,02,Southeast Climate Region,46.0
2004,03,Southeast Climate Region,57.3
2004,04,Southeast Climate Region,61.5
2004,05,Southeast Climate Region,72.9
2004,06,Southeast Climate Region,76.9
2004,07,Southeast Climate Region,79.0
2004,08,Southeast Climate Region,76.6
2004,09,Southeast Climate Region,73.4
2004,10,Southeast Climate Region,66.5
2004,11,Southeast Climate Region,57.5
2004,12,Southeast Climate Region,46.5
2005,01,Southeast Climate Region,48.5
2005,02,Southeast Climate Region,49.8
2005,03,Southeast Climate Region,52.6
2005,04,Southeast Climate Region,60.6
2005,05,Southeast Climate Region,67.3
2005,06,Southeast Climate Region,76.0
2005,07,Southeast Climate Region,80.5
2005,08,Southeast Climate Region,80.0
2005,09,Southeast Climate Region,76.2
2005,10,Southeast Climate Region,65.1
2005,11,Southeast Climate Region,56.7
2005,12,Southeast Climate Region,44.7
2006,01,Southeast Climate Region,51.1
2006,02,Southeast Climate Region,46.9
2006,03,Southeast Climate Region,55.1
2006,04,Southeast Climate Region,65.9
2006,05,Southeast Climate Region,68.9
2006,06,Southeast Climate Region,76.3
2006,07,Southeast Climate Region,80.0
2006,08,Southeast Climate Region,80.6
2006,09,Southeast Climate Region,72.2
2006,10,Southeast Climate Region,62.2
2006,11,Southeast Climate Region,54.5
2006,12,Southeast Climate Region,51.7
2007,01,Southeast Climate Region,48.9
2007,02,Southeast Climate Region,45.0
2007,03,Southeast Climate Region,58.5
2007,04,Southeast Climate Region,60.5
2007,05,Southeast Climate Region,69.7
2007,06,Southeast Climate Region,76.9
2007,07,Southeast Climate Region,78.4
2007,08,Southeast Climate Region,82.4
2007,09,Southeast Climate Region,75.2
2007,10,Southeast Climate Region,68.1
2007,11,Southeast Climate Region,54.1
2007,12,Southeast Climate Region,52.3
2008,01,Southeast Climate Region,45.0
2008,02,Southeast Climate Region,50.6
2008,03,Southeast Climate Region,55.1
2008,04,Southeast Climate Region,62.3
2008,05,Southeast Climate Region,69.1
2008,06,Southeast Climate Region,78.5
2008,07,Southeast Climate Region,78.8
2008,08,Southeast Climate Region,77.8
2008,09,Southeast Climate Region,73.9
2008,10,Southeast Climate Region,62.1
2008,11,Southeast Climate Region,51.4
2008,12,Southeast Climate Region,50.7
2009,01,Southeast Climate Region,44.8
2009,02,Southeast Climate Region,47.5
2009,03,Southeast Climate Region,55.2
2009,04,Southeast Climate Region,61.8
2009,05,Southeast Climate Region,70.6
2009,06,Southeast Climate Region,78.1
2009,07,Southeast Climate Region,77.6
2009,08,Southeast Climate Region,78.7
2009,09,Southeast Climate Region,73.7
2009,10,Southeast Climate Region,63.7
2009,11,Southeast Climate Region,55.9
2009,12,Southeast Climate Region,46.2
2010,01,Southeast Climate Region,41.2
2010,02,Southeast Climate Region,41.5
2010,03,Southeast Climate Region,52.2
2010,04,Southeast Climate Region,64.1
2010,05,Southeast Climate Region,72.7
2010,06,Southeast Climate Region,80.4
2010,07,Southeast Climate Region,81.4
2010,08,Southeast Climate Region,81.0
2010,09,Southeast Climate Region,75.9
2010,10,Southeast Climate Region,64.5
2010,11,Southeast Climate Region,54.7
2010,12,Southeast Climate Region,39.3
2011,01,Southeast Climate Region,41.8
2011,02,Southeast Climate Region,50.5
2011,03,Southeast Climate Region,56.4
2011,04,Southeast Climate Region,65.3
2011,05,Southeast Climate Region,70.5
2011,06,Southeast Climate Region,79.5
2011,07,Southeast Climate Region,81.2
2011,08,Southeast Climate Region,80.6
2011,09,Southeast Climate Region,73.4
2011,10,Southeast Climate Region,61.7
2011,11,Southeast Climate Region,56.3
2011,12,Southeast Climate Region,51.1
2012,01,Southeast Climate Region,49.1
2012,02,Southeast Climate Region,51.9
2012,03,Southeast Climate Region,63.2
2012,04,Southeast Climate Region,63.9
2012,05,Southeast Climate Region,72.6
2012,06,Southeast Climate Region,75.1
2012,07,Southeast Climate Region,81.4
2012,08,Southeast Climate Region,77.8
2012,09,Southeast Climate Region,73.1
2012,10,Southeast Climate Region,63.8
2012,11,Southeast Climate Region,51.5
2012,12,Southeast Climate Region,51.7
2013,01,Southeast Climate Region,50.6
2013,02,Southeast Climate Region,48.1
2013,03,Southeast Climate Region,49.2
2013,04,Southeast Climate Region,62.6
2013,05,Southeast Climate Region,68.0
2013,06,Southeast Climate Region,77.0
2013,07,Southeast Climate Region,78.1
2013,08,Southeast Climate Region,77.2
2013,09,Southeast Climate Region,73.5
2013,10,Southeast Climate Region,64.9
2013,11,Southeast Climate Region,53.2
2013,12,Southeast Climate Region,50.6
2014,01,Southeast Climate Region,40.0
2014,02,Southeast Climate Region,48.7
2014,03,Southeast Climate Region,51.6
2014,04,Southeast Climate Region,62.6
2014,05,Southeast Climate Region,70.7
2014,06,Southeast Climate Region,77.3
2014,07,Southeast Climate Region,78.0
2014,08,Southeast Climate Region,77.9
2014,09,Southeast Climate Region,74.6
2014,10,Southeast Climate Region,65.0
2014,11,Southeast Climate Region,49.9
2014,12,Southeast Climate Region,50.3
2015,01,Southeast Climate Region,44.7
2015,02,Southeast Climate Region,41.8
2015,03,Southeast Climate Region,57.0
2015,04,Southeast Climate Region,65.4
2015,05,Southeast Climate Region,71.8
2015,06,Southeast Climate Region,78.7
2015,07,Southeast Climate Region,80.4
2015,08,Southeast Climate Region,78.5
2015,09,Southeast Climate Region,74.2
2015,10,Southeast Climate Region,64.6
2015,11,Southeast Climate Region,59.8
2015,12,Southeast Climate Region,58.5
2016,01,Southeast Climate Region,43.8
2016,02,Southeast Climate Region,48.8
2016,03,Southeast Climate Region,60.1
2016,04,Southeast Climate Region,63.0
2016,05,Southeast Climate Region,69.6
2016,06,Southeast Climate Region,78.2
2016,07,Southeast Climate Region,81.7
2016,08,Southeast Climate Region,80.8
2016,09,Southeast Climate Region,77.0
2016,10,Southeast Climate Region,67.2
2016,11,Southeast Climate Region,56.9
2016,12,Southeast Climate Region,50.9
2017,01,Southeast Climate Region,51.5
2017,02,Southeast Climate Region,55.5
2017,03,Southeast Climate Region,56.3
2017,04,Southeast Climate Region,66.7
2017,05,Southeast Climate Region,70.5
2017,06,Southeast Climate Region,76.0
2017,07,Southeast Climate Region,80.2
2017,08,Southeast Climate Region,78.4
2017,09,Southeast Climate Region,73.6
2017,10,Southeast Climate Region,66.6
2017,11,Southeast Climate Region,55.7
2017,12,Southeast Climate Region,48.3
2018,01,Southeast Climate Region,41.7
2018,02,Southeast Climate Region,57.5
2018,03,Southeast Climate Region,52.7
2018,04,Southeast Climate Region,60.2
2018,05,Southeast Climate Region,73.4
2018,06,Southeast Climate Region,78.5
2018,07,Southeast Climate Region,79.4
2018,08,Southeast Climate Region,79.0
2018,09,Southeast Climate Region,78.7
2000,01,Northern Rockies and Plains Climate Region,22.0
2000,02,Northern Rockies and Plains Climate Region,28.6
2000,03,Northern Rockies and Plains Climate Region,36.7
2000,04,Northern Rockies and Plains Climate Region,44.0
2000,05,Northern Rockies and Plains Climate Region,54.8
2000,06,Northern Rockies and Plains Climate Region,61.0
2000,07,Northern Rockies and Plains Climate Region,70.4
2000,08,Northern Rockies and Plains Climate Region,69.8
2000,09,Northern Rockies and Plains Climate Region,57.7
2000,10,Northern Rockies and Plains Climate Region,46.4
2000,11,Northern Rockies and Plains Climate Region,23.0
2000,12,Northern Rockies and Plains Climate Region,14.1
2001,01,Northern Rockies and Plains Climate Region,22.9
2001,02,Northern Rockies and Plains Climate Region,15.8
2001,03,Northern Rockies and Plains Climate Region,32.2
2001,04,Northern Rockies and Plains Climate Region,43.7
2001,05,Northern Rockies and Plains Climate Region,55.1
2001,06,Northern Rockies and Plains Climate Region,62.3
2001,07,Northern Rockies and Plains Climate Region,70.8
2001,08,Northern Rockies and Plains Climate Region,70.4
2001,09,Northern Rockies and Plains Climate Region,59.9
2001,10,Northern Rockies and Plains Climate Region,44.9
2001,11,Northern Rockies and Plains Climate Region,38.0
2001,12,Northern Rockies and Plains Climate Region,23.2
2002,01,Northern Rockies and Plains Climate Region,22.7
2002,02,Northern Rockies and Plains Climate Region,26.7
2002,03,Northern Rockies and Plains Climate Region,22.4
2002,04,Northern Rockies and Plains Climate Region,41.4
2002,05,Northern Rockies and Plains Climate Region,49.9
2002,06,Northern Rockies and Plains Climate Region,64.9
2002,07,Northern Rockies and Plains Climate Region,72.7
2002,08,Northern Rockies and Plains Climate Region,65.7
2002,09,Northern Rockies and Plains Climate Region,58.7
2002,10,Northern Rockies and Plains Climate Region,38.2
2002,11,Northern Rockies and Plains Climate Region,32.9
2002,12,Northern Rockies and Plains Climate Region,26.4
2003,01,Northern Rockies and Plains Climate Region,22.9
2003,02,Northern Rockies and Plains Climate Region,19.4
2003,03,Northern Rockies and Plains Climate Region,31.1
2003,04,Northern Rockies and Plains Climate Region,45.6
2003,05,Northern Rockies and Plains Climate Region,52.5
2003,06,Northern Rockies and Plains Climate Region,60.6
2003,07,Northern Rockies and Plains Climate Region,71.9
2003,08,Northern Rockies and Plains Climate Region,71.6
2003,09,Northern Rockies and Plains Climate Region,56.6
2003,10,Northern Rockies and Plains Climate Region,49.3
2003,11,Northern Rockies and Plains Climate Region,25.8
2003,12,Northern Rockies and Plains Climate Region,25.5
2004,01,Northern Rockies and Plains Climate Region,16.9
2004,02,Northern Rockies and Plains Climate Region,22.9
2004,03,Northern Rockies and Plains Climate Region,37.3
2004,04,Northern Rockies and Plains Climate Region,45.3
2004,05,Northern Rockies and Plains Climate Region,51.9
2004,06,Northern Rockies and Plains Climate Region,59.1
2004,07,Northern Rockies and Plains Climate Region,67.6
2004,08,Northern Rockies and Plains Climate Region,63.5
2004,09,Northern Rockies and Plains Climate Region,58.3
2004,10,Northern Rockies and Plains Climate Region,45.8
2004,11,Northern Rockies and Plains Climate Region,34.3
2004,12,Northern Rockies and Plains Climate Region,26.4
2005,01,Northern Rockies and Plains Climate Region,18.3
2005,02,Northern Rockies and Plains Climate Region,28.1
2005,03,Northern Rockies and Plains Climate Region,34.2
2005,04,Northern Rockies and Plains Climate Region,44.9
2005,05,Northern Rockies and Plains Climate Region,51.4
2005,06,Northern Rockies and Plains Climate Region,62.4
2005,07,Northern Rockies and Plains Climate Region,70.5
2005,08,Northern Rockies and Plains Climate Region,66.6
2005,09,Northern Rockies and Plains Climate Region,59.7
2005,10,Northern Rockies and Plains Climate Region,46.9
2005,11,Northern Rockies and Plains Climate Region,34.8
2005,12,Northern Rockies and Plains Climate Region,20.8
2006,01,Northern Rockies and Plains Climate Region,30.7
2006,02,Northern Rockies and Plains Climate Region,22.5
2006,03,Northern Rockies and Plains Climate Region,31.4
2006,04,Northern Rockies and Plains Climate Region,47.4
2006,05,Northern Rockies and Plains Climate Region,55.2
2006,06,Northern Rockies and Plains Climate Region,65.2
2006,07,Northern Rockies and Plains Climate Region,73.5
2006,08,Northern Rockies and Plains Climate Region,68.1
2006,09,Northern Rockies and Plains Climate Region,55.3
2006,10,Northern Rockies and Plains Climate Region,42.3
2006,11,Northern Rockies and Plains Climate Region,32.0
2006,12,Northern Rockies and Plains Climate Region,25.5
2007,01,Northern Rockies and Plains Climate Region,19.2
2007,02,Northern Rockies and Plains Climate Region,19.5
2007,03,Northern Rockies and Plains Climate Region,39.0
2007,04,Northern Rockies and Plains Climate Region,42.0
2007,05,Northern Rockies and Plains Climate Region,55.4
2007,06,Northern Rockies and Plains Climate Region,64.1
2007,07,Northern Rockies and Plains Climate Region,73.7
2007,08,Northern Rockies and Plains Climate Region,68.5
2007,09,Northern Rockies and Plains Climate Region,58.5
2007,10,Northern Rockies and Plains Climate Region,47.2
2007,11,Northern Rockies and Plains Climate Region,33.4
2007,12,Northern Rockies and Plains Climate Region,19.3
2008,01,Northern Rockies and Plains Climate Region,16.7
2008,02,Northern Rockies and Plains Climate Region,21.5
2008,03,Northern Rockies and Plains Climate Region,31.1
2008,04,Northern Rockies and Plains Climate Region,39.5
2008,05,Northern Rockies and Plains Climate Region,50.9
2008,06,Northern Rockies and Plains Climate Region,60.2
2008,07,Northern Rockies and Plains Climate Region,69.4
2008,08,Northern Rockies and Plains Climate Region,67.7
2008,09,Northern Rockies and Plains Climate Region,56.4
2008,10,Northern Rockies and Plains Climate Region,45.3
2008,11,Northern Rockies and Plains Climate Region,35.0
2008,12,Northern Rockies and Plains Climate Region,14.9
2009,01,Northern Rockies and Plains Climate Region,19.2
2009,02,Northern Rockies and Plains Climate Region,24.3
2009,03,Northern Rockies and Plains Climate Region,29.4
2009,04,Northern Rockies and Plains Climate Region,40.9
2009,05,Northern Rockies and Plains Climate Region,52.9
2009,06,Northern Rockies and Plains Climate Region,59.8
2009,07,Northern Rockies and Plains Climate Region,65.8
2009,08,Northern Rockies and Plains Climate Region,64.9
2009,09,Northern Rockies and Plains Climate Region,61.0
2009,10,Northern Rockies and Plains Climate Region,37.8
2009,11,Northern Rockies and Plains Climate Region,37.0
2009,12,Northern Rockies and Plains Climate Region,13.2
2010,01,Northern Rockies and Plains Climate Region,18.6
2010,02,Northern Rockies and Plains Climate Region,18.7
2010,03,Northern Rockies and Plains Climate Region,35.7
2010,04,Northern Rockies and Plains Climate Region,44.8
2010,05,Northern Rockies and Plains Climate Region,49.7
2010,06,Northern Rockies and Plains Climate Region,61.7
2010,07,Northern Rockies and Plains Climate Region,68.2
2010,08,Northern Rockies and Plains Climate Region,68.0
2010,09,Northern Rockies and Plains Climate Region,57.0
2010,10,Northern Rockies and Plains Climate Region,49.3
2010,11,Northern Rockies and Plains Climate Region,29.7
2010,12,Northern Rockies and Plains Climate Region,19.6
2011,01,Northern Rockies and Plains Climate Region,16.7
2011,02,Northern Rockies and Plains Climate Region,17.1
2011,03,Northern Rockies and Plains Climate Region,29.1
2011,04,Northern Rockies and Plains Climate Region,40.3
2011,05,Northern Rockies and Plains Climate Region,49.5
2011,06,Northern Rockies and Plains Climate Region,60.6
2011,07,Northern Rockies and Plains Climate Region,70.8
2011,08,Northern Rockies and Plains Climate Region,68.9
2011,09,Northern Rockies and Plains Climate Region,58.6
2011,10,Northern Rockies and Plains Climate Region,48.0
2011,11,Northern Rockies and Plains Climate Region,31.9
2011,12,Northern Rockies and Plains Climate Region,25.2
2012,01,Northern Rockies and Plains Climate Region,25.2
2012,02,Northern Rockies and Plains Climate Region,24.8
2012,03,Northern Rockies and Plains Climate Region,42.7
2012,04,Northern Rockies and Plains Climate Region,47.2
2012,05,Northern Rockies and Plains Climate Region,54.0
2012,06,Northern Rockies and Plains Climate Region,65.4
2012,07,Northern Rockies and Plains Climate Region,73.9
2012,08,Northern Rockies and Plains Climate Region,68.5
2012,09,Northern Rockies and Plains Climate Region,59.8
2012,10,Northern Rockies and Plains Climate Region,43.1
2012,11,Northern Rockies and Plains Climate Region,33.9
2012,12,Northern Rockies and Plains Climate Region,21.4
2013,01,Northern Rockies and Plains Climate Region,20.1
2013,02,Northern Rockies and Plains Climate Region,24.5
2013,03,Northern Rockies and Plains Climate Region,29.1
2013,04,Northern Rockies and Plains Climate Region,36.5
2013,05,Northern Rockies and Plains Climate Region,53.6
2013,06,Northern Rockies and Plains Climate Region,62.7
2013,07,Northern Rockies and Plains Climate Region,69.3
2013,08,Northern Rockies and Plains Climate Region,69.2
2013,09,Northern Rockies and Plains Climate Region,61.6
2013,10,Northern Rockies and Plains Climate Region,42.5
2013,11,Northern Rockies and Plains Climate Region,31.2
2013,12,Northern Rockies and Plains Climate Region,15.7
2014,01,Northern Rockies and Plains Climate Region,21.0
2014,02,Northern Rockies and Plains Climate Region,15.3
2014,03,Northern Rockies and Plains Climate Region,30.0
2014,04,Northern Rockies and Plains Climate Region,41.9
2014,05,Northern Rockies and Plains Climate Region,53.2
2014,06,Northern Rockies and Plains Climate Region,60.6
2014,07,Northern Rockies and Plains Climate Region,68.1
2014,08,Northern Rockies and Plains Climate Region,66.6
2014,09,Northern Rockies and Plains Climate Region,57.8
2014,10,Northern Rockies and Plains Climate Region,48.8
2014,11,Northern Rockies and Plains Climate Region,26.2
2014,12,Northern Rockies and Plains Climate Region,24.3
2015,01,Northern Rockies and Plains Climate Region,23.7
2015,02,Northern Rockies and Plains Climate Region,23.1
2015,03,Northern Rockies and Plains Climate Region,38.6
2015,04,Northern Rockies and Plains Climate Region,44.8
2015,05,Northern Rockies and Plains Climate Region,51.3
2015,06,Northern Rockies and Plains Climate Region,65.4
2015,07,Northern Rockies and Plains Climate Region,68.4
2015,08,Northern Rockies and Plains Climate Region,67.4
2015,09,Northern Rockies and Plains Climate Region,61.7
2015,10,Northern Rockies and Plains Climate Region,49.8
2015,11,Northern Rockies and Plains Climate Region,32.9
2015,12,Northern Rockies and Plains Climate Region,23.9
2016,01,Northern Rockies and Plains Climate Region,21.8
2016,02,Northern Rockies and Plains Climate Region,31.5
2016,03,Northern Rockies and Plains Climate Region,38.2
2016,04,Northern Rockies and Plains Climate Region,44.9
2016,05,Northern Rockies and Plains Climate Region,53.1
2016,06,Northern Rockies and Plains Climate Region,66.4
2016,07,Northern Rockies and Plains Climate Region,69.1
2016,08,Northern Rockies and Plains Climate Region,67.0
2016,09,Northern Rockies and Plains Climate Region,58.4
2016,10,Northern Rockies and Plains Climate Region,48.1
2016,11,Northern Rockies and Plains Climate Region,40.0
2016,12,Northern Rockies and Plains Climate Region,15.9
2017,01,Northern Rockies and Plains Climate Region,16.7
2017,02,Northern Rockies and Plains Climate Region,27.5
2017,03,Northern Rockies and Plains Climate Region,36.1
2017,04,Northern Rockies and Plains Climate Region,43.7
2017,05,Northern Rockies and Plains Climate Region,53.4
2017,06,Northern Rockies and Plains Climate Region,64.0
2017,07,Northern Rockies and Plains Climate Region,72.7
2017,08,Northern Rockies and Plains Climate Region,65.9
2017,09,Northern Rockies and Plains Climate Region,58.2
2017,10,Northern Rockies and Plains Climate Region,44.9
2017,11,Northern Rockies and Plains Climate Region,33.1
2017,12,Northern Rockies and Plains Climate Region,21.9
2018,01,Northern Rockies and Plains Climate Region,20.6
2018,02,Northern Rockies and Plains Climate Region,13.9
2018,03,Northern Rockies and Plains Climate Region,30.6
2018,04,Northern Rockies and Plains Climate Region,37.9
2018,05,Northern Rockies and Plains Climate Region,58.2
2018,06,Northern Rockies and Plains Climate Region,64.4
2018,07,Northern Rockies and Plains Climate Region,69.3
2018,08,Northern Rockies and Plains Climate Region,66.7
2018,09,Northern Rockies and Plains Climate Region,58.1
2000,01,South Climate Region,45.9
2000,02,South Climate Region,52.5
2000,03,South Climate Region,57.5
2000,04,South Climate Region,62.2
2000,05,South Climate Region,73.8
2000,06,South Climate Region,76.8
2000,07,South Climate Region,82.4
2000,08,South Climate Region,84.0
2000,09,South Climate Region,76.1
2000,10,South Climate Region,65.2
2000,11,South Climate Region,48.1
2000,12,South Climate Region,37.1
2001,01,South Climate Region,40.3
2001,02,South Climate Region,47.3
2001,03,South Climate Region,50.2
2001,04,South Climate Region,65.7
2001,05,South Climate Region,71.6
2001,06,South Climate Region,78.1
2001,07,South Climate Region,84.0
2001,08,South Climate Region,81.7
2001,09,South Climate Region,72.9
2001,10,South Climate Region,62.4
2001,11,South Climate Region,56.8
2001,12,South Climate Region,46.9
2002,01,South Climate Region,45.0
2002,02,South Climate Region,44.4
2002,03,South Climate Region,51.4
2002,04,South Climate Region,65.6
2002,05,South Climate Region,70.4
2002,06,South Climate Region,78.9
2002,07,South Climate Region,81.0
2002,08,South Climate Region,81.3
2002,09,South Climate Region,75.2
2002,10,South Climate Region,61.9
2002,11,South Climate Region,50.4
2002,12,South Climate Region,44.8
2003,01,South Climate Region,41.5
2003,02,South Climate Region,43.9
2003,03,South Climate Region,53.8
2003,04,South Climate Region,63.7
2003,05,South Climate Region,72.3
2003,06,South Climate Region,76.1
2003,07,South Climate Region,81.7
2003,08,South Climate Region,82.1
2003,09,South Climate Region,71.8
2003,10,South Climate Region,64.9
2003,11,South Climate Region,54.8
2003,12,South Climate Region,45.2
2004,01,South Climate Region,44.0
2004,02,South Climate Region,43.4
2004,03,South Climate Region,58.5
2004,04,South Climate Region,62.0
2004,05,South Climate Region,72.0
2004,06,South Climate Region,76.8
2004,07,South Climate Region,79.3
2004,08,South Climate Region,77.3
2004,09,South Climate Region,74.3
2004,10,South Climate Region,67.2
2004,11,South Climate Region,54.0
2004,12,South Climate Region,44.6
2005,01,South Climate Region,46.0
2005,02,South Climate Region,49.1
2005,03,South Climate Region,53.4
2005,04,South Climate Region,62.0
2005,05,South Climate Region,69.6
2005,06,South Climate Region,78.8
2005,07,South Climate Region,81.3
2005,08,South Climate Region,81.0
2005,09,South Climate Region,78.0
2005,10,South Climate Region,64.1
2005,11,South Climate Region,55.7
2005,12,South Climate Region,43.0
2006,01,South Climate Region,50.0
2006,02,South Climate Region,45.6
2006,03,South Climate Region,56.9
2006,04,South Climate Region,67.9
2006,05,South Climate Region,72.6
2006,06,South Climate Region,79.0
2006,07,South Climate Region,82.7
2006,08,South Climate Region,82.7
2006,09,South Climate Region,71.7
2006,10,South Climate Region,63.5
2006,11,South Climate Region,54.1
2006,12,South Climate Region,45.7
2007,01,South Climate Region,40.0
2007,02,South Climate Region,44.3
2007,03,South Climate Region,59.9
2007,04,South Climate Region,59.1
2007,05,South Climate Region,70.5
2007,06,South Climate Region,76.9
2007,07,South Climate Region,78.8
2007,08,South Climate Region,82.4
2007,09,South Climate Region,75.6
2007,10,South Climate Region,66.1
2007,11,South Climate Region,54.3
2007,12,South Climate Region,45.2
2008,01,South Climate Region,42.1
2008,02,South Climate Region,47.7
2008,03,South Climate Region,54.6
2008,04,South Climate Region,61.5
2008,05,South Climate Region,71.0
2008,06,South Climate Region,80.1
2008,07,South Climate Region,81.2
2008,08,South Climate Region,79.3
2008,09,South Climate Region,71.9
2008,10,South Climate Region,62.6
2008,11,South Climate Region,53.0
2008,12,South Climate Region,44.0
2009,01,South Climate Region,43.3
2009,02,South Climate Region,51.0
2009,03,South Climate Region,55.7
2009,04,South Climate Region,61.6
2009,05,South Climate Region,70.4
2009,06,South Climate Region,79.9
2009,07,South Climate Region,81.3
2009,08,South Climate Region,80.3
2009,09,South Climate Region,72.5
2009,10,South Climate Region,60.2
2009,11,South Climate Region,55.0
2009,12,South Climate Region,39.7
2010,01,South Climate Region,39.8
2010,02,South Climate Region,40.0
2010,03,South Climate Region,52.0
2010,04,South Climate Region,63.6
2010,05,South Climate Region,71.5
2010,06,South Climate Region,81.6
2010,07,South Climate Region,81.5
2010,08,South Climate Region,83.6
2010,09,South Climate Region,76.2
2010,10,South Climate Region,64.9
2010,11,South Climate Region,53.6
2010,12,South Climate Region,43.9
2011,01,South Climate Region,40.4
2011,02,South Climate Region,44.8
2011,03,South Climate Region,56.9
2011,04,South Climate Region,66.2
2011,05,South Climate Region,70.6
2011,06,South Climate Region,83.0
2011,07,South Climate Region,86.1
2011,08,South Climate Region,86.0
2011,09,South Climate Region,74.0
2011,10,South Climate Region,63.7
2011,11,South Climate Region,53.9
2011,12,South Climate Region,43.8
2012,01,South Climate Region,47.3
2012,02,South Climate Region,48.6
2012,03,South Climate Region,62.1
2012,04,South Climate Region,66.9
2012,05,South Climate Region,74.0
2012,06,South Climate Region,80.3
2012,07,South Climate Region,83.7
2012,08,South Climate Region,81.6
2012,09,South Climate Region,74.7
2012,10,South Climate Region,62.4
2012,11,South Climate Region,54.7
2012,12,South Climate Region,47.5
2013,01,South Climate Region,44.6
2013,02,South Climate Region,46.9
2013,03,South Climate Region,51.8
2013,04,South Climate Region,59.5
2013,05,South Climate Region,69.6
2013,06,South Climate Region,79.6
2013,07,South Climate Region,79.9
2013,08,South Climate Region,81.0
2013,09,South Climate Region,76.8
2013,10,South Climate Region,63.8
2013,11,South Climate Region,49.9
2013,12,South Climate Region,41.5
2014,01,South Climate Region,39.8
2014,02,South Climate Region,42.9
2014,03,South Climate Region,50.6
2014,04,South Climate Region,62.2
2014,05,South Climate Region,70.1
2014,06,South Climate Region,78.6
2014,07,South Climate Region,79.2
2014,08,South Climate Region,81.0
2014,09,South Climate Region,74.6
2014,10,South Climate Region,66.6
2014,11,South Climate Region,48.0
2014,12,South Climate Region,46.8
2015,01,South Climate Region,41.2
2015,02,South Climate Region,42.7
2015,03,South Climate Region,54.0
2015,04,South Climate Region,64.4
2015,05,South Climate Region,69.6
2015,06,South Climate Region,78.7
2015,07,South Climate Region,82.4
2015,08,South Climate Region,80.8
2015,09,South Climate Region,77.4
2015,10,South Climate Region,66.3
2015,11,South Climate Region,55.3
2015,12,South Climate Region,49.5
2016,01,South Climate Region,42.6
2016,02,South Climate Region,50.6
2016,03,South Climate Region,58.3
2016,04,South Climate Region,63.8
2016,05,South Climate Region,69.1
2016,06,South Climate Region,79.6
2016,07,South Climate Region,83.6
2016,08,South Climate Region,80.7
2016,09,South Climate Region,76.5
2016,10,South Climate Region,68.6
2016,11,South Climate Region,58.1
2016,12,South Climate Region,45.1
2017,01,South Climate Region,47.1
2017,02,South Climate Region,54.8
2017,03,South Climate Region,59.6
2017,04,South Climate Region,64.7
2017,05,South Climate Region,69.4
2017,06,South Climate Region,78.4
2017,07,South Climate Region,82.4
2017,08,South Climate Region,78.7
2017,09,South Climate Region,74.8
2017,10,South Climate Region,64.5
2017,11,South Climate Region,56.4
2017,12,South Climate Region,44.5
2018,01,South Climate Region,39.8
2018,02,South Climate Region,48.3
2018,03,South Climate Region,57.2
2018,04,South Climate Region,58.6
2018,05,South Climate Region,76.2
2018,06,South Climate Region,81.9
2018,07,South Climate Region,82.8
2018,08,South Climate Region,80.9
2018,09,South Climate Region,75.6
2000,01,Southwest Climate Region,37.0
2000,02,Southwest Climate Region,41.2
2000,03,Southwest Climate Region,43.4
2000,04,Southwest Climate Region,54.1
2000,05,Southwest Climate Region,63.6
2000,06,Southwest Climate Region,70.1
2000,07,Southwest Climate Region,75.2
2000,08,Southwest Climate Region,73.8
2000,09,Southwest Climate Region,66.6
2000,10,Southwest Climate Region,53.1
2000,11,Southwest Climate Region,35.0
2000,12,Southwest Climate Region,34.5
2001,01,Southwest Climate Region,31.3
2001,02,Southwest Climate Region,36.4
2001,03,Southwest Climate Region,43.8
2001,04,Southwest Climate Region,51.6
2001,05,Southwest Climate Region,62.2
2001,06,Southwest Climate Region,70.4
2001,07,Southwest Climate Region,74.8
2001,08,Southwest Climate Region,72.6
2001,09,Southwest Climate Region,67.2
2001,10,Southwest Climate Region,55.8
2001,11,Southwest Climate Region,44.5
2001,12,Southwest Climate Region,32.2
2002,01,Southwest Climate Region,33.2
2002,02,Southwest Climate Region,35.5
2002,03,Southwest Climate Region,40.9
2002,04,Southwest Climate Region,54.7
2002,05,Southwest Climate Region,60.3
2002,06,Southwest Climate Region,72.5
2002,07,Southwest Climate Region,75.9
2002,08,Southwest Climate Region,72.9
2002,09,Southwest Climate Region,65.0
2002,10,Southwest Climate Region,51.3
2002,11,Southwest Climate Region,41.4
2002,12,Southwest Climate Region,33.6
2003,01,Southwest Climate Region,39.4
2003,02,Southwest Climate Region,36.0
2003,03,Southwest Climate Region,43.6
2003,04,Southwest Climate Region,50.4
2003,05,Southwest Climate Region,61.1
2003,06,Southwest Climate Region,68.2
2003,07,Southwest Climate Region,77.7
2003,08,Southwest Climate Region,73.9
2003,09,Southwest Climate Region,65.3
2003,10,Southwest Climate Region,58.6
2003,11,Southwest Climate Region,40.8
2003,12,Southwest Climate Region,35.2
2004,01,Southwest Climate Region,33.3
2004,02,Southwest Climate Region,33.4
2004,03,Southwest Climate Region,49.2
2004,04,Southwest Climate Region,50.8
2004,05,Southwest Climate Region,61.3
2004,06,Southwest Climate Region,68.5
2004,07,Southwest Climate Region,72.8
2004,08,Southwest Climate Region,70.0
2004,09,Southwest Climate Region,63.8
2004,10,Southwest Climate Region,52.9
2004,11,Southwest Climate Region,40.0
2004,12,Southwest Climate Region,34.7
2005,01,Southwest Climate Region,37.5
2005,02,Southwest Climate Region,38.3
2005,03,Southwest Climate Region,42.2
2005,04,Southwest Climate Region,50.0
2005,05,Southwest Climate Region,60.1
2005,06,Southwest Climate Region,67.3
2005,07,Southwest Climate Region,75.8
2005,08,Southwest Climate Region,70.8
2005,09,Southwest Climate Region,65.9
2005,10,Southwest Climate Region,54.6
2005,11,Southwest Climate Region,44.2
2005,12,Southwest Climate Region,34.6
2006,01,Southwest Climate Region,36.1
2006,02,Southwest Climate Region,37.5
2006,03,Southwest Climate Region,41.8
2006,04,Southwest Climate Region,53.2
2006,05,Southwest Climate Region,62.8
2006,06,Southwest Climate Region,72.2
2006,07,Southwest Climate Region,75.5
2006,08,Southwest Climate Region,71.1
2006,09,Southwest Climate Region,60.9
2006,10,Southwest Climate Region,52.0
2006,11,Southwest Climate Region,43.8
2006,12,Southwest Climate Region,33.3
2007,01,Southwest Climate Region,28.6
2007,02,Southwest Climate Region,37.4
2007,03,Southwest Climate Region,46.8
2007,04,Southwest Climate Region,51.0
2007,05,Southwest Climate Region,60.2
2007,06,Southwest Climate Region,69.8
2007,07,Southwest Climate Region,75.3
2007,08,Southwest Climate Region,74.2
2007,09,Southwest Climate Region,66.0
2007,10,Southwest Climate Region,54.6
2007,11,Southwest Climate Region,45.5
2007,12,Southwest Climate Region,31.2
2008,01,Southwest Climate Region,29.7
2008,02,Southwest Climate Region,36.3
2008,03,Southwest Climate Region,42.6
2008,04,Southwest Climate Region,49.0
2008,05,Southwest Climate Region,57.4
2008,06,Southwest Climate Region,69.5
2008,07,Southwest Climate Region,74.0
2008,08,Southwest Climate Region,72.1
2008,09,Southwest Climate Region,64.4
2008,10,Southwest Climate Region,54.4
2008,11,Southwest Climate Region,44.7
2008,12,Southwest Climate Region,33.6
2009,01,Southwest Climate Region,35.8
2009,02,Southwest Climate Region,39.0
2009,03,Southwest Climate Region,44.6
2009,04,Southwest Climate Region,49.5
2009,05,Southwest Climate Region,62.4
2009,06,Southwest Climate Region,66.4
2009,07,Southwest Climate Region,74.7
2009,08,Southwest Climate Region,71.9
2009,09,Southwest Climate Region,65.2
2009,10,Southwest Climate Region,50.2
2009,11,Southwest Climate Region,44.2
2009,12,Southwest Climate Region,28.9
2010,01,Southwest Climate Region,32.8
2010,02,Southwest Climate Region,34.0
2010,03,Southwest Climate Region,41.8
2010,04,Southwest Climate Region,49.8
2010,05,Southwest Climate Region,56.4
2010,06,Southwest Climate Region,70.0
2010,07,Southwest Climate Region,74.4
2010,08,Southwest Climate Region,72.1
2010,09,Southwest Climate Region,67.6
2010,10,Southwest Climate Region,55.4
2010,11,Southwest Climate Region,40.2
2010,12,Southwest Climate Region,38.3
2011,01,Southwest Climate Region,31.9
2011,02,Southwest Climate Region,32.9
2011,03,Southwest Climate Region,45.6
2011,04,Southwest Climate Region,51.0
2011,05,Southwest Climate Region,56.3
2011,06,Southwest Climate Region,69.4
2011,07,Southwest Climate Region,75.2
2011,08,Southwest Climate Region,75.3
2011,09,Southwest Climate Region,66.0
2011,10,Southwest Climate Region,54.3
2011,11,Southwest Climate Region,41.5
2011,12,Southwest Climate Region,31.1
2012,01,Southwest Climate Region,36.6
2012,02,Southwest Climate Region,36.2
2012,03,Southwest Climate Region,46.4
2012,04,Southwest Climate Region,54.2
2012,05,Southwest Climate Region,62.0
2012,06,Southwest Climate Region,72.8
2012,07,Southwest Climate Region,74.7
2012,08,Southwest Climate Region,74.0
2012,09,Southwest Climate Region,66.1
2012,10,Southwest Climate Region,54.8
2012,11,Southwest Climate Region,45.7
2012,12,Southwest Climate Region,33.6
2013,01,Southwest Climate Region,29.1
2013,02,Southwest Climate Region,33.5
2013,03,Southwest Climate Region,44.9
2013,04,Southwest Climate Region,49.8
2013,05,Southwest Climate Region,59.9
2013,06,Southwest Climate Region,72.5
2013,07,Southwest Climate Region,74.4
2013,08,Southwest Climate Region,72.4
2013,09,Southwest Climate Region,65.5
2013,10,Southwest Climate Region,51.0
2013,11,Southwest Climate Region,42.3
2013,12,Southwest Climate Region,31.5
2014,01,Southwest Climate Region,35.5
2014,02,Southwest Climate Region,39.4
2014,03,Southwest Climate Region,44.8
2014,04,Southwest Climate Region,50.8
2014,05,Southwest Climate Region,59.3
2014,06,Southwest Climate Region,70.1
2014,07,Southwest Climate Region,74.8
2014,08,Southwest Climate Region,70.1
2014,09,Southwest Climate Region,66.5
2014,10,Southwest Climate Region,56.7
2014,11,Southwest Climate Region,41.8
2014,12,Southwest Climate Region,35.9
2015,01,Southwest Climate Region,35.9
2015,02,Southwest Climate Region,41.5
2015,03,Southwest Climate Region,47.7
2015,04,Southwest Climate Region,51.2
2015,05,Southwest Climate Region,56.6
2015,06,Southwest Climate Region,71.5
2015,07,Southwest Climate Region,72.4
2015,08,Southwest Climate Region,73.3
2015,09,Southwest Climate Region,68.3
2015,10,Southwest Climate Region,57.3
2015,11,Southwest Climate Region,40.8
2015,12,Southwest Climate Region,33.0
2016,01,Southwest Climate Region,32.7
2016,02,Southwest Climate Region,40.3
2016,03,Southwest Climate Region,46.3
2016,04,Southwest Climate Region,51.0
2016,05,Southwest Climate Region,57.7
2016,06,Southwest Climate Region,72.9
2016,07,Southwest Climate Region,75.8
2016,08,Southwest Climate Region,70.8
2016,09,Southwest Climate Region,65.0
2016,10,Southwest Climate Region,58.2
2016,11,Southwest Climate Region,45.8
2016,12,Southwest Climate Region,34.5
2017,01,Southwest Climate Region,33.4
2017,02,Southwest Climate Region,42.0
2017,03,Southwest Climate Region,49.4
2017,04,Southwest Climate Region,51.5
2017,05,Southwest Climate Region,58.7
2017,06,Southwest Climate Region,72.0
2017,07,Southwest Climate Region,75.2
2017,08,Southwest Climate Region,71.6
2017,09,Southwest Climate Region,65.1
2017,10,Southwest Climate Region,54.7
2017,11,Southwest Climate Region,48.6
2017,12,Southwest Climate Region,37.3
2018,01,Southwest Climate Region,37.3
2018,02,Southwest Climate Region,37.9
2018,03,Southwest Climate Region,44.8
2018,04,Southwest Climate Region,53.4
2018,05,Southwest Climate Region,62.9
2018,06,Southwest Climate Region,72.6
2018,07,Southwest Climate Region,76.0
2018,08,Southwest Climate Region,73.2
2018,09,Southwest Climate Region,68.1
2000,01,Northwest Climate Region,29.6
2000,02,Northwest Climate Region,34.9
2000,03,Northwest Climate Region,37.4
2000,04,Northwest Climate Region,47.0
2000,05,Northwest Climate Region,50.8
2000,06,Northwest Climate Region,59.2
2000,07,Northwest Climate Region,65.0
2000,08,Northwest Climate Region,65.2
2000,09,Northwest Climate Region,55.9
2000,10,Northwest Climate Region,46.2
2000,11,Northwest Climate Region,30.7
2000,12,Northwest Climate Region,29.3
2001,01,Northwest Climate Region,28.9
2001,02,Northwest Climate Region,30.1
2001,03,Northwest Climate Region,39.4
2001,04,Northwest Climate Region,41.7
2001,05,Northwest Climate Region,53.7
2001,06,Northwest Climate Region,56.6
2001,07,Northwest Climate Region,64.5
2001,08,Northwest Climate Region,67.3
2001,09,Northwest Climate Region,60.0
2001,10,Northwest Climate Region,46.6
2001,11,Northwest Climate Region,38.6
2001,12,Northwest Climate Region,28.5
2002,01,Northwest Climate Region,29.2
2002,02,Northwest Climate Region,31.2
2002,03,Northwest Climate Region,34.3
2002,04,Northwest Climate Region,43.7
2002,05,Northwest Climate Region,49.6
2002,06,Northwest Climate Region,59.4
2002,07,Northwest Climate Region,68.0
2002,08,Northwest Climate Region,62.9
2002,09,Northwest Climate Region,57.5
2002,10,Northwest Climate Region,44.4
2002,11,Northwest Climate Region,37.6
2002,12,Northwest Climate Region,33.0
2003,01,Northwest Climate Region,35.6
2003,02,Northwest Climate Region,32.4
2003,03,Northwest Climate Region,39.6
2003,04,Northwest Climate Region,42.2
2003,05,Northwest Climate Region,50.8
2003,06,Northwest Climate Region,60.4
2003,07,Northwest Climate Region,69.5
2003,08,Northwest Climate Region,66.8
2003,09,Northwest Climate Region,59.3
2003,10,Northwest Climate Region,50.5
2003,11,Northwest Climate Region,32.2
2003,12,Northwest Climate Region,31.4
2004,01,Northwest Climate Region,28.3
2004,02,Northwest Climate Region,32.0
2004,03,Northwest Climate Region,42.2
2004,04,Northwest Climate Region,46.7
2004,05,Northwest Climate Region,50.7
2004,06,Northwest Climate Region,59.4
2004,07,Northwest Climate Region,67.1
2004,08,Northwest Climate Region,65.8
2004,09,Northwest Climate Region,55.4
2004,10,Northwest Climate Region,47.1
2004,11,Northwest Climate Region,36.4
2004,12,Northwest Climate Region,32.9
2005,01,Northwest Climate Region,30.7
2005,02,Northwest Climate Region,33.7
2005,03,Northwest Climate Region,40.3
2005,04,Northwest Climate Region,43.9
2005,05,Northwest Climate Region,52.0
2005,06,Northwest Climate Region,55.3
2005,07,Northwest Climate Region,66.5
2005,08,Northwest Climate Region,65.9
2005,09,Northwest Climate Region,55.4
2005,10,Northwest Climate Region,47.6
2005,11,Northwest Climate Region,35.2
2005,12,Northwest Climate Region,28.2
2006,01,Northwest Climate Region,32.9
2006,02,Northwest Climate Region,30.4
2006,03,Northwest Climate Region,35.6
2006,04,Northwest Climate Region,44.3
2006,05,Northwest Climate Region,52.7
2006,06,Northwest Climate Region,60.5
2006,07,Northwest Climate Region,69.1
2006,08,Northwest Climate Region,64.0
2006,09,Northwest Climate Region,57.7
2006,10,Northwest Climate Region,45.9
2006,11,Northwest Climate Region,35.9
2006,12,Northwest Climate Region,29.7
2007,01,Northwest Climate Region,26.6
2007,02,Northwest Climate Region,34.4
2007,03,Northwest Climate Region,41.4
2007,04,Northwest Climate Region,44.2
2007,05,Northwest Climate Region,52.7
2007,06,Northwest Climate Region,58.6
2007,07,Northwest Climate Region,70.0
2007,08,Northwest Climate Region,64.6
2007,09,Northwest Climate Region,56.0
2007,10,Northwest Climate Region,45.0
2007,11,Northwest Climate Region,36.5
2007,12,Northwest Climate Region,28.1
2008,01,Northwest Climate Region,25.3
2008,02,Northwest Climate Region,32.9
2008,03,Northwest Climate Region,34.6
2008,04,Northwest Climate Region,39.1
2008,05,Northwest Climate Region,51.1
2008,06,Northwest Climate Region,56.4
2008,07,Northwest Climate Region,65.9
2008,08,Northwest Climate Region,64.7
2008,09,Northwest Climate Region,57.7
2008,10,Northwest Climate Region,46.7
2008,11,Northwest Climate Region,40.0
2008,12,Northwest Climate Region,26.5
2009,01,Northwest Climate Region,30.0
2009,02,Northwest Climate Region,32.0
2009,03,Northwest Climate Region,34.4
2009,04,Northwest Climate Region,42.7
2009,05,Northwest Climate Region,52.2
2009,06,Northwest Climate Region,58.1
2009,07,Northwest Climate Region,67.1
2009,08,Northwest Climate Region,64.8
2009,09,Northwest Climate Region,60.6
2009,10,Northwest Climate Region,43.0
2009,11,Northwest Climate Region,36.4
2009,12,Northwest Climate Region,25.0
2010,01,Northwest Climate Region,33.8
2010,02,Northwest Climate Region,34.9
2010,03,Northwest Climate Region,38.4
2010,04,Northwest Climate Region,42.0
2010,05,Northwest Climate Region,46.3
2010,06,Northwest Climate Region,55.6
2010,07,Northwest Climate Region,64.6
2010,08,Northwest Climate Region,63.3
2010,09,Northwest Climate Region,57.4
2010,10,Northwest Climate Region,48.7
2010,11,Northwest Climate Region,34.1
2010,12,Northwest Climate Region,30.7
2011,01,Northwest Climate Region,30.1
2011,02,Northwest Climate Region,29.4
2011,03,Northwest Climate Region,36.5
2011,04,Northwest Climate Region,38.6
2011,05,Northwest Climate Region,46.8
2011,06,Northwest Climate Region,54.8
2011,07,Northwest Climate Region,62.8
2011,08,Northwest Climate Region,65.8
2011,09,Northwest Climate Region,61.1
2011,10,Northwest Climate Region,47.3
2011,11,Northwest Climate Region,34.3
2011,12,Northwest Climate Region,29.5
2012,01,Northwest Climate Region,30.8
2012,02,Northwest Climate Region,32.4
2012,03,Northwest Climate Region,37.4
2012,04,Northwest Climate Region,45.4
2012,05,Northwest Climate Region,50.2
2012,06,Northwest Climate Region,55.8
2012,07,Northwest Climate Region,66.8
2012,08,Northwest Climate Region,67.2
2012,09,Northwest Climate Region,60.1
2012,10,Northwest Climate Region,46.7
2012,11,Northwest Climate Region,38.6
2012,12,Northwest Climate Region,29.9
2013,01,Northwest Climate Region,26.4
2013,02,Northwest Climate Region,32.6
2013,03,Northwest Climate Region,38.8
2013,04,Northwest Climate Region,43.1
2013,05,Northwest Climate Region,52.3
2013,06,Northwest Climate Region,59.2
2013,07,Northwest Climate Region,68.8
2013,08,Northwest Climate Region,66.8
2013,09,Northwest Climate Region,58.3
2013,10,Northwest Climate Region,44.8
2013,11,Northwest Climate Region,36.8
2013,12,Northwest Climate Region,26.4
2014,01,Northwest Climate Region,33.0
2014,02,Northwest Climate Region,31.4
2014,03,Northwest Climate Region,39.4
2014,04,Northwest Climate Region,44.4
2014,05,Northwest Climate Region,53.0
2014,06,Northwest Climate Region,57.7
2014,07,Northwest Climate Region,69.4
2014,08,Northwest Climate Region,65.8
2014,09,Northwest Climate Region,59.4
2014,10,Northwest Climate Region,51.1
2014,11,Northwest Climate Region,35.3
2014,12,Northwest Climate Region,33.2
2015,01,Northwest Climate Region,34.1
2015,02,Northwest Climate Region,39.2
2015,03,Northwest Climate Region,43.8
2015,04,Northwest Climate Region,44.2
2015,05,Northwest Climate Region,53.6
2015,06,Northwest Climate Region,65.3
2015,07,Northwest Climate Region,67.0
2015,08,Northwest Climate Region,66.5
2015,09,Northwest Climate Region,57.3
2015,10,Northwest Climate Region,52.6
2015,11,Northwest Climate Region,33.8
2015,12,Northwest Climate Region,29.6
2016,01,Northwest Climate Region,30.6
2016,02,Northwest Climate Region,37.1
2016,03,Northwest Climate Region,39.9
2016,04,Northwest Climate Region,49.5
2016,05,Northwest Climate Region,52.9
2016,06,Northwest Climate Region,60.6
2016,07,Northwest Climate Region,64.4
2016,08,Northwest Climate Region,65.8
2016,09,Northwest Climate Region,56.1
2016,10,Northwest Climate Region,47.1
2016,11,Northwest Climate Region,41.6
2016,12,Northwest Climate Region,24.2
2017,01,Northwest Climate Region,23.4
2017,02,Northwest Climate Region,32.0
2017,03,Northwest Climate Region,39.9
2017,04,Northwest Climate Region,42.4
2017,05,Northwest Climate Region,52.3
2017,06,Northwest Climate Region,59.5
2017,07,Northwest Climate Region,68.9
2017,08,Northwest Climate Region,68.4
2017,09,Northwest Climate Region,58.3
2017,10,Northwest Climate Region,45.0
2017,11,Northwest Climate Region,37.4
2017,12,Northwest Climate Region,29.5
2018,01,Northwest Climate Region,34.6
2018,02,Northwest Climate Region,30.6
2018,03,Northwest Climate Region,37.0
2018,04,Northwest Climate Region,44.2
2018,05,Northwest Climate Region,55.5
2018,06,Northwest Climate Region,58.2
2018,07,Northwest Climate Region,68.4
2018,08,Northwest Climate Region,65.9
2018,09,Northwest Climate Region,56.8
2000,01,West Climate Region,41.4
2000,02,West Climate Region,43.5
2000,03,West Climate Region,46.4
2000,04,West Climate Region,55.2
2000,05,West Climate Region,61.7
2000,06,West Climate Region,70.5
2000,07,West Climate Region,73.0
2000,08,West Climate Region,73.8
2000,09,West Climate Region,66.2
2000,10,West Climate Region,54.9
2000,11,West Climate Region,41.0
2000,12,West Climate Region,41.6
2001,01,West Climate Region,37.1
2001,02,West Climate Region,38.6
2001,03,West Climate Region,49.0
2001,04,West Climate Region,49.4
2001,05,West Climate Region,65.8
2001,06,West Climate Region,69.6
2001,07,West Climate Region,73.3
2001,08,West Climate Region,75.2
2001,09,West Climate Region,68.9
2001,10,West Climate Region,60.0
2001,11,West Climate Region,47.4
2001,12,West Climate Region,37.8
2002,01,West Climate Region,37.6
2002,02,West Climate Region,42.9
2002,03,West Climate Region,44.3
2002,04,West Climate Region,53.3
2002,05,West Climate Region,59.1
2002,06,West Climate Region,69.8
2002,07,West Climate Region,77.0
2002,08,West Climate Region,72.7
2002,09,West Climate Region,67.7
2002,10,West Climate Region,55.1
2002,11,West Climate Region,47.3
2002,12,West Climate Region,39.7
2003,01,West Climate Region,46.2
2003,02,West Climate Region,40.9
2003,03,West Climate Region,47.8
2003,04,West Climate Region,47.6
2003,05,West Climate Region,60.0
2003,06,West Climate Region,69.8
2003,07,West Climate Region,78.0
2003,08,West Climate Region,73.9
2003,09,West Climate Region,69.6
2003,10,West Climate Region,62.0
2003,11,West Climate Region,42.3
2003,12,West Climate Region,39.6
2004,01,West Climate Region,38.1
2004,02,West Climate Region,39.3
2004,03,West Climate Region,53.2
2004,04,West Climate Region,54.1
2004,05,West Climate Region,60.5
2004,06,West Climate Region,69.0
2004,07,West Climate Region,75.1
2004,08,West Climate Region,72.9
2004,09,West Climate Region,66.2
2004,10,West Climate Region,54.6
2004,11,West Climate Region,43.6
2004,12,West Climate Region,40.0
2005,01,West Climate Region,39.3
2005,02,West Climate Region,42.3
2005,03,West Climate Region,47.2
2005,04,West Climate Region,50.0
2005,05,West Climate Region,59.7
2005,06,West Climate Region,64.3
2005,07,West Climate Region,77.4
2005,08,West Climate Region,74.0
2005,09,West Climate Region,64.1
2005,10,West Climate Region,56.5
2005,11,West Climate Region,48.2
2005,12,West Climate Region,41.0
2006,01,West Climate Region,40.3
2006,02,West Climate Region,42.5
2006,03,West Climate Region,40.7
2006,04,West Climate Region,50.8
2006,05,West Climate Region,62.3
2006,06,West Climate Region,71.4
2006,07,West Climate Region,78.0
2006,08,West Climate Region,72.3
2006,09,West Climate Region,66.2
2006,10,West Climate Region,55.0
2006,11,West Climate Region,46.7
2006,12,West Climate Region,38.7
2007,01,West Climate Region,35.7
2007,02,West Climate Region,42.6
2007,03,West Climate Region,50.9
2007,04,West Climate Region,53.4
2007,05,West Climate Region,61.9
2007,06,West Climate Region,69.3
2007,07,West Climate Region,76.9
2007,08,West Climate Region,74.8
2007,09,West Climate Region,65.0
2007,10,West Climate Region,55.0
2007,11,West Climate Region,48.8
2007,12,West Climate Region,36.3
2008,01,West Climate Region,35.6
2008,02,West Climate Region,41.2
2008,03,West Climate Region,46.2
2008,04,West Climate Region,50.6
2008,05,West Climate Region,58.6
2008,06,West Climate Region,68.8
2008,07,West Climate Region,75.6
2008,08,West Climate Region,75.2
2008,09,West Climate Region,68.5
2008,10,West Climate Region,57.8
2008,11,West Climate Region,50.0
2008,12,West Climate Region,37.1
2009,01,West Climate Region,41.7
2009,02,West Climate Region,41.2
2009,03,West Climate Region,45.4
2009,04,West Climate Region,50.9
2009,05,West Climate Region,64.2
2009,06,West Climate Region,65.4
2009,07,West Climate Region,76.1
2009,08,West Climate Region,73.0
2009,09,West Climate Region,70.4
2009,10,West Climate Region,53.9
2009,11,West Climate Region,46.7
2009,12,West Climate Region,35.3
2010,01,West Climate Region,40.1
2010,02,West Climate Region,42.3
2010,03,West Climate Region,45.3
2010,04,West Climate Region,48.1
2010,05,West Climate Region,53.7
2010,06,West Climate Region,67.4
2010,07,West Climate Region,75.3
2010,08,West Climate Region,72.0
2010,09,West Climate Region,67.8
2010,10,West Climate Region,57.4
2010,11,West Climate Region,44.0
2010,12,West Climate Region,41.6
2011,01,West Climate Region,40.1
2011,02,West Climate Region,39.1
2011,03,West Climate Region,45.4
2011,04,West Climate Region,49.7
2011,05,West Climate Region,54.8
2011,06,West Climate Region,65.0
2011,07,West Climate Region,73.3
2011,08,West Climate Region,74.0
2011,09,West Climate Region,69.5
2011,10,West Climate Region,57.7
2011,11,West Climate Region,43.8
2011,12,West Climate Region,37.9
2012,01,West Climate Region,41.8
2012,02,West Climate Region,41.6
2012,03,West Climate Region,46.2
2012,04,West Climate Region,53.4
2012,05,West Climate Region,61.5
2012,06,West Climate Region,68.0
2012,07,West Climate Region,74.3
2012,08,West Climate Region,76.3
2012,09,West Climate Region,70.2
2012,10,West Climate Region,58.6
2012,11,West Climate Region,48.8
2012,12,West Climate Region,38.2
2013,01,West Climate Region,35.5
2013,02,West Climate Region,40.4
2013,03,West Climate Region,50.0
2013,04,West Climate Region,54.2
2013,05,West Climate Region,60.8
2013,06,West Climate Region,70.8
2013,07,West Climate Region,77.3
2013,08,West Climate Region,73.3
2013,09,West Climate Region,66.5
2013,10,West Climate Region,54.2
2013,11,West Climate Region,47.7
2013,12,West Climate Region,37.6
2014,01,West Climate Region,44.8
2014,02,West Climate Region,45.4
2014,03,West Climate Region,49.3
2014,04,West Climate Region,54.1
2014,05,West Climate Region,61.6
2014,06,West Climate Region,69.8
2014,07,West Climate Region,77.4
2014,08,West Climate Region,72.7
2014,09,West Climate Region,69.5
2014,10,West Climate Region,60.7
2014,11,West Climate Region,48.3
2014,12,West Climate Region,42.2
2015,01,West Climate Region,44.2
2015,02,West Climate Region,48.9
2015,03,West Climate Region,53.1
2015,04,West Climate Region,53.0
2015,05,West Climate Region,58.6
2015,06,West Climate Region,73.0
2015,07,West Climate Region,73.3
2015,08,West Climate Region,74.9
2015,09,West Climate Region,69.6
2015,10,West Climate Region,61.4
2015,11,West Climate Region,42.8
2015,12,West Climate Region,37.5
2016,01,West Climate Region,39.0
2016,02,West Climate Region,46.1
2016,03,West Climate Region,49.1
2016,04,West Climate Region,54.7
2016,05,West Climate Region,59.3
2016,06,West Climate Region,71.9
2016,07,West Climate Region,75.5
2016,08,West Climate Region,74.5
2016,09,West Climate Region,66.5
2016,10,West Climate Region,57.5
2016,11,West Climate Region,48.8
2016,12,West Climate Region,38.1
2017,01,West Climate Region,36.7
2017,02,West Climate Region,43.5
2017,03,West Climate Region,50.2
2017,04,West Climate Region,52.1
2017,05,West Climate Region,60.8
2017,06,West Climate Region,71.1
2017,07,West Climate Region,77.7
2017,08,West Climate Region,76.1
2017,09,West Climate Region,66.4
2017,10,West Climate Region,57.2
2017,11,West Climate Region,49.7
2017,12,West Climate Region,42.3
2018,01,West Climate Region,44.6
2018,02,West Climate Region,41.3
2018,03,West Climate Region,45.1
2018,04,West Climate Region,54.2
2018,05,West Climate Region,60.8
2018,06,West Climate Region,69.9
2018,07,West Climate Region,78.6
2018,08,West Climate Region,75.1
2018,09,West Climate Region,68.7
